ts,cpu_pct,rss_mb,threads,disk_read_mb_s,disk_write_mb_s,fs_free_gb,wal_mb,duckdb_mb,records_total,ingest_lag_mb,wal_depth
1790066977.192028459,2.0,48,104,0.00,0.20,147,1,1,0,0.0,0
1790066978.263975917,5.6,49,104,0.09,0.34,147,1,1,240,0.0,40
1790066979.330629882,52.5,61,104,0.00,4.94,147,1,1,2920,0.2,40
1790066980.395414731,66.7,67,104,0.00,4.74,147,2,1,5560,0.2,40
1790066981.465614416,60.7,72,104,0.00,4.79,147,3,1,8280,0.1,0
1790066982.536657165,55.1,78,104,0.00,4.79,147,3,1,10950,0.2,30
1790066983.601146150,62.9,81,104,0.00,4.89,147,4,1,13640,0.2,0
1790066984.667908569,63.7,84,104,0.00,4.72,147,4,1,16360,0.1,40
1790066985.742393169,59.6,90,104,0.00,4.60,147,5,1,19055,0.2,15
1790066986.813440271,62.6,92,104,0.00,4.95,147,6,1,21800,0.1,40
1790066987.883102690,57.0,93,104,0.00,5.12,147,6,1,24525,0.2,5
1790066988.952287249,63.6,94,104,0.00,4.72,147,7,1,27240,0.2,0
1790066990.026714802,62.4,97,104,0.00,4.82,147,8,1,29980,0.1,20
1790066991.093068838,52.5,101,104,0.00,4.60,147,8,1,32680,0.2,40
1790066992.158485401,61.9,102,104,0.00,5.13,147,9,1,35400,0.2,0
1790066993.230210061,62.5,102,104,0.00,4.64,147,10,1,38070,0.1,30
1790066994.302897148,57.8,106,104,0.00,4.59,147,10,1,40790,0.2,30
1790066995.376784958,65.2,107,104,0.00,4.67,147,11,1,43480,0.2,40
1790066996.451622582,60.5,109,104,0.00,4.72,147,12,1,46160,0.1,40
1790066997.514565196,56.4,109,104,0.00,5.04,147,12,1,48845,0.2,5
1790066998.584039901,72.0,110,104,0.00,5.18,147,13,1,52490,0.3,5
1790066999.647999727,81.8,114,104,0.00,5.93,147,14,1,57815,0.2,80
1790067000.709328062,80.1,118,104,0.00,5.98,147,16,1,63080,0.6,5
1790067001.777630028,81.4,121,104,0.00,5.70,147,17,1,68450,0.6,0
1790067002.847350962,84.1,122,104,0.00,5.62,147,18,1,73825,0.5,25
1790067003.924169325,99.4,134,104,0.00,6.82,147,20,3,79225,1.0,40
1790067004.994140085,87.9,141,104,0.00,10.33,147,21,5,84670,0.5,80
1790067006.057790589,87.4,141,104,0.00,5.78,147,22,5,89930,0.4,65
1790067007.116795242,91.6,141,104,0.00,5.89,147,24,5,95275,0.8,20
1790067008.178642253,81.9,142,104,0.00,5.81,147,25,5,100550,0.6,0
1790067009.247022148,93.6,142,104,0.00,5.97,147,26,5,105950,0.4,0
1790067010.312747800,90.1,145,104,0.00,5.99,147,27,5,111285,0.3,80
1790067011.375366606,81.9,145,104,0.00,6.49,147,29,5,116470,0.3,0
1790067012.446221258,81.2,146,104,0.00,5.73,147,30,5,121705,0.7,5
1790067013.500723113,82.5,150,104,0.00,6.03,147,31,5,127005,0.6,50
1790067014.580909033,87.9,150,104,0.00,5.83,147,33,5,132435,0.5,0
1790067015.647778518,96.5,150,104,0.00,5.88,147,34,5,137825,0.4,0
1790067016.726034928,85.3,151,104,0.00,5.69,147,35,5,143240,0.7,80
1790067017.794570164,84.2,152,104,0.00,5.95,147,36,5,148505,0.5,0
1790067018.857370303,102.6,154,104,0.00,6.35,147,38,5,155275,0.6,95
1790067019.918928866,132.8,178,104,0.00,11.72,147,40,10,163210,1.8,35
1790067020.979808681,110.3,185,104,0.00,7.04,147,42,10,171055,1.4,120
1790067022.041968882,105.4,192,104,0.00,6.87,147,44,10,178795,0.7,70
1790067023.106238991,92.1,196,104,0.00,7.95,147,46,10,186525,0.9,0
1790067024.167474406,109.3,201,104,0.00,7.06,147,48,10,194305,0.6,55
1790067025.230460001,91.3,206,104,0.00,6.91,147,49,10,202070,0.9,45
1790067026.294467350,120.3,213,104,0.00,6.17,147,51,10,208365,1.1,110
1790067027.356401607,100.8,221,104,0.00,6.81,147,53,10,215965,0.7,55
1790067028.418473452,96.0,230,104,0.00,7.43,147,55,10,223385,1.0,5
1790067029.481706762,111.0,235,104,0.00,6.60,147,56,10,231265,0.6,0
1790067030.544999121,147.7,127,104,0.00,13.18,147,58,15,238930,1.6,15
1790067031.602852483,110.6,142,104,0.00,6.91,147,60,15,246790,1.2,90
1790067032.661900698,109.5,154,104,0.00,6.44,147,62,15,254400,0.5,15
1790067033.726612972,90.2,161,104,0.00,6.70,147,64,15,262035,0.9,10
1790067034.786149809,103.8,172,104,0.00,7.44,147,66,15,269940,1.1,20
1790067035.848176831,108.3,182,104,0.00,6.51,147,68,15,277550,1.3,40
1790067036.910104271,111.1,187,104,0.00,7.00,147,70,15,285445,0.6,25
1790067037.977514904,89.0,191,104,0.00,6.81,147,72,15,293250,0.9,0
1790067039.042255596,108.9,199,104,0.00,7.69,147,74,15,301715,1.4,40
1790067040.100859290,115.2,206,104,0.00,7.73,147,76,15,311005,1.5,160
1790067041.155662003,167.8,235,104,0.00,22.86,147,78,30,319325,2.4,0
1790067042.204420778,128.7,245,104,0.00,6.79,147,80,30,327620,1.1,50
1790067043.265518375,118.7,253,104,0.00,7.86,147,82,30,335825,1.1,20
1790067044.334312918,119.8,263,104,0.00,8.00,147,84,30,344780,1.4,25
1790067045.398491900,116.5,270,104,0.00,7.29,147,86,30,353655,1.7,10
1790067046.463197021,121.2,273,104,0.00,7.29,147,88,30,362105,0.7,40
1790067047.523129646,119.8,277,104,0.00,7.56,147,90,30,370760,0.8,40
1790067048.593570423,113.0,282,104,0.00,7.48,147,92,30,379605,1.0,95
1790067049.648867959,114.7,287,104,0.00,7.46,147,94,30,387885,1.0,25
1790067050.713983061,134.3,142,104,0.00,13.24,147,96,30,396250,2.1,45
1790067051.767930942,121.4,161,104,0.00,7.52,147,99,30,404845,1.6,100
1790067052.822423139,122.3,173,104,0.00,7.49,147,101,30,413155,1.5,35
1790067053.878598959,119.3,180,104,0.00,7.34,147,103,30,421290,0.7,45
1790067054.941421987,112.0,184,104,0.00,7.11,147,104,30,429470,0.9,55
1790067056.006434518,113.6,191,104,0.00,7.23,147,107,30,437930,1.2,15
1790067057.076150276,122.5,196,104,0.00,7.79,147,109,30,446100,1.3,0
1790067058.130351947,121.4,200,104,0.00,7.58,147,111,30,454280,0.7,35
1790067059.186992231,118.3,205,104,0.00,7.48,147,112,30,462470,0.8,40
1790067060.255158683,132.9,220,104,0.00,7.45,147,115,30,471130,1.9,30
1790067061.317852071,133.6,171,104,0.00,14.27,147,117,30,479960,1.6,55
1790067062.366152008,121.1,177,104,0.00,7.44,147,119,30,488255,1.3,25
1790067063.428933502,121.4,191,104,0.00,7.76,147,121,30,497220,1.5,65
1790067064.488049329,124.6,203,104,0.00,7.37,147,123,30,505405,1.4,120
1790067065.545370302,123.9,213,104,0.00,7.56,147,125,30,513995,0.7,10
1790067066.605878870,118.8,221,104,0.00,7.47,147,127,30,522865,0.9,75
1790067067.665810134,117.9,229,104,0.00,7.80,147,129,30,531940,1.0,5
1790067068.728011881,122.4,232,104,0.00,7.84,147,131,30,541010,1.0,85
1790067069.785471047,144.7,284,104,0.00,7.67,147,134,30,549490,1.9,45
1790067070.832619159,247.3,301,104,0.00,28.07,147,136,49,559630,3.4,115
1790067071.898794491,157.6,321,104,0.00,10.46,147,138,49,568760,1.6,85
1790067072.953946184,129.8,341,104,0.00,8.85,147,141,49,578265,1.2,0
1790067074.019464205,130.5,350,104,0.00,8.78,147,143,49,588265,1.1,25
1790067075.072274844,122.5,361,104,0.00,8.20,147,145,49,597495,1.0,130
1790067076.130683271,115.3,370,104,0.00,7.44,147,147,49,605955,1.0,50
1790067077.188399124,116.3,374,104,0.00,8.11,147,149,49,614735,1.3,100
1790067078.249974687,125.3,383,104,0.00,7.53,147,151,49,623280,1.4,30
1790067079.304034624,128.1,402,104,0.00,13.12,147,154,49,632275,1.6,65
1790067080.372173769,132.9,187,104,0.00,8.02,147,156,49,640680,0.9,70
1790067081.425653973,115.8,199,104,0.00,7.80,147,158,49,649175,1.0,40
1790067082.495392043,120.6,211,104,0.00,7.88,147,160,49,658115,1.1,55
1790067083.557475863,118.6,220,104,0.00,8.91,147,162,49,666665,1.1,45
1790067084.627076983,118.7,231,104,0.00,8.52,147,164,49,674990,1.2,125
1790067085.688662148,165.8,256,104,0.00,7.92,147,166,49,683995,1.5,85
1790067086.755117710,123.8,267,104,0.00,7.70,147,168,49,692420,1.6,45
1790067087.814102081,113.3,278,104,0.00,7.59,147,170,49,700730,0.8,100
1790067088.873125318,143.5,183,104,0.00,15.15,147,172,49,709145,1.9,55
1790067089.926735347,125.3,204,104,0.00,8.40,147,174,49,717935,1.4,150
1790067090.975401698,122.1,209,104,0.00,7.61,147,176,49,726270,1.3,45
1790067092.026541212,122.7,219,104,0.00,7.79,147,179,49,735175,1.4,65
1790067093.086618689,124.5,231,104,0.06,7.82,147,181,49,744260,1.7,60
1790067094.143856075,122.0,241,104,0.00,8.39,147,183,49,753050,1.5,75
1790067095.200903465,122.0,251,104,0.07,8.10,147,185,49,761955,1.6,50
1790067096.257792141,122.1,255,104,0.10,8.21,147,187,49,772270,1.8,50
1790067097.316852840,125.6,262,104,0.00,7.50,147,190,49,780805,1.6,110
1790067098.375948030,336.1,308,104,0.00,6.06,147,192,60,789625,3.8,0
1790067099.433814702,180.6,331,104,0.00,30.82,147,194,61,798900,3.0,130
1790067100.489190502,121.3,343,104,0.00,8.38,147,196,61,807580,1.6,50
1790067101.548283977,122.7,352,104,0.00,7.58,147,198,61,815850,1.4,15
1790067102.599321184,124.6,359,104,0.00,7.41,147,200,61,824455,1.5,80
1790067103.654804809,125.1,366,104,0.00,7.71,147,202,61,833485,1.7,100
1790067104.707639735,123.5,374,104,0.00,7.85,147,205,61,842450,0.8,40
1790067105.772690704,115.5,376,104,0.00,7.38,147,207,61,850830,0.9,55
1790067106.836237082,131.6,386,104,0.00,8.15,147,209,61,861630,2.5,5
1790067107.902514237,135.0,405,104,0.00,14.66,147,212,61,872025,1.8,125
1790067108.962023181,135.0,407,104,0.00,8.73,147,214,61,881550,1.2,55
1790067110.025978521,133.5,416,104,0.00,8.34,147,216,61,891390,1.0,40
1790067111.083624124,124.8,421,104,0.00,8.24,147,219,61,901520,0.9,5
1790067112.140525611,121.1,425,104,0.00,8.05,147,221,61,910680,1.8,70
1790067113.195058142,125.2,431,104,0.00,7.96,147,223,61,919630,1.8,80
1790067114.247510949,123.5,437,104,0.00,8.37,147,226,61,929695,1.9,20
1790067115.305784994,122.8,443,104,0.00,8.32,147,228,61,939490,1.7,60
1790067116.358816842,246.9,329,104,0.00,6.36,147,231,64,950150,4.3,80
1790067117.415705850,191.1,358,104,0.00,33.22,147,233,71,961950,3.9,60
1790067118.479464212,170.2,376,104,0.00,10.33,147,236,71,973620,2.8,90
1790067119.534213551,159.3,387,104,0.00,8.47,147,239,71,985010,1.6,15
1790067120.589536104,134.6,399,104,0.00,9.88,147,242,71,996345,2.5,80
1790067121.647411178,133.3,404,104,0.00,7.71,147,244,71,1006045,1.3,55
1790067122.706965533,127.4,412,104,0.00,7.84,147,246,71,1014955,1.1,5
1790067123.770306527,172.1,219,104,0.00,15.10,147,249,71,1024160,2.2,80
1790067124.823492534,150.0,238,104,0.00,7.99,147,251,71,1034325,1.3,35
1790067125.875759296,123.5,248,104,0.00,8.60,147,253,71,1042905,1.8,55
1790067126.935109437,124.6,259,104,0.00,7.58,147,255,71,1051675,1.7,75
1790067127.995517649,124.5,273,104,0.00,7.92,147,257,71,1060720,0.9,90
1790067129.047657746,121.7,282,104,0.00,7.92,147,259,71,1069470,3.0,45
1790067130.110089854,128.0,291,104,0.00,7.63,147,262,71,1079020,5.3,75
1790067131.161249648,124.6,295,104,0.00,9.19,147,264,71,1088395,7.6,140
1790067132.209222824,158.4,320,104,0.13,8.16,147,266,71,1098055,9.9,115
1790067133.269487107,121.7,338,104,0.00,15.58,147,269,71,1107240,12.2,80
1790067134.323088413,142.4,343,104,0.00,6.92,147,271,71,1116375,14.4,115
1790067135.379510930,120.2,347,104,0.00,8.07,147,273,71,1125220,16.5,45
1790067136.432500687,117.8,349,104,0.00,7.68,147,275,71,1134375,18.7,110
1790067137.483874936,115.1,353,104,0.00,9.82,147,277,71,1143280,20.9,115
1790067138.550091283,116.3,356,104,0.00,7.29,147,279,71,1151795,23.0,50
1790067139.609448059,122.7,361,104,0.00,8.58,147,282,71,1161145,25.2,115
1790067140.669227212,124.6,372,104,0.00,7.27,147,284,71,1170885,27.6,15
1790067141.728176350,238.0,341,104,0.00,6.94,147,286,73,1180375,29.9,0
1790067142.781676826,194.6,385,104,0.00,32.21,147,289,82,1189300,32.0,65
1790067143.844767341,154.3,396,104,0.00,8.85,147,291,82,1198005,34.1,90
1790067144.905235891,127.3,406,104,0.00,8.32,147,293,82,1206375,36.2,35
1790067145.962604721,175.9,434,104,0.00,9.31,147,295,82,1215215,38.3,70
1790067147.022073601,122.7,442,104,0.00,8.41,147,297,82,1224145,40.5,20
1790067148.082833439,120.7,451,104,0.00,7.93,147,299,82,1233590,42.8,55
1790067149.137978109,124.2,459,104,0.00,7.76,147,301,82,1242480,44.9,60
1790067150.192913535,124.2,466,104,0.00,7.75,147,304,82,1251420,47.1,85
1790067151.246219778,162.3,256,104,0.00,16.70,147,306,82,1260065,49.2,40
1790067152.310919755,124.9,271,104,0.00,7.90,147,308,82,1268465,51.2,65
1790067153.369596328,112.4,281,104,0.00,7.24,147,310,82,1276965,53.3,80
1790067154.439813867,114.9,290,104,0.00,7.61,147,312,82,1286450,55.6,130
1790067155.497897773,125.7,299,104,0.06,8.03,147,314,82,1295690,57.8,0
1790067156.562810699,122.1,302,104,0.00,8.20,147,316,82,1304850,60.0,55
1790067157.621171069,119.1,309,104,0.00,7.68,147,319,82,1313585,62.1,80
1790067158.681973821,116.0,319,104,0.00,8.33,147,321,82,1322420,64.3,50
1790067159.746707137,55.4,250,104,0.00,0.92,147,321,82,1322705,64.4,0
1790067160.819961728,7.5,250,104,0.00,0.02,147,321,82,1322705,64.4,0
1790067161.884383751,8.5,250,104,0.00,0.34,147,321,82,1322705,64.4,0
1790067162.957944389,8.4,250,104,0.00,0.48,147,321,82,1322705,64.4,0
1790067164.036427847,8.3,250,104,0.00,0.03,147,321,82,1322705,64.4,0
1790067165.111263702,7.4,250,104,0.00,0.13,147,321,82,1322705,64.4,0
1790067166.182262282,7.5,250,105,0.00,0.32,147,321,82,1322705,64.4,0
1790067167.258461647,6.5,250,105,0.00,0.15,147,321,82,1322705,64.4,0
1790067168.336444159,7.4,250,105,0.00,0.32,147,321,82,1322705,64.4,0
1790067169.413316250,7.4,250,105,0.00,0.02,147,321,82,1322705,64.4,0
1790067170.495438816,8.3,250,106,0.00,0.01,147,321,82,1322705,64.4,0
1790067171.577453289,6.5,250,106,0.00,0.13,147,321,82,1322705,64.4,0
1790067172.645618228,6.6,250,107,0.00,0.31,147,321,82,1322705,64.4,0
1790067173.709587918,7.5,250,107,0.00,0.15,147,321,82,1322705,64.4,0
1790067174.778518357,6.5,250,107,0.00,0.02,147,321,82,1322705,64.4,0
1790067175.850612667,8.4,250,107,0.00,0.11,147,321,82,1322705,64.4,0
1790067176.926156869,7.4,250,107,0.00,0.09,147,321,82,1322705,64.4,0
1790067178.004169553,6.5,250,107,0.00,0.39,147,321,82,1322705,64.4,0
1790067179.075004184,7.5,250,107,0.00,0.21,147,321,82,1322705,64.4,0
1790067180.152518820,8.4,250,107,0.00,0.17,147,321,82,1322705,64.4,0
1790067181.213871599,6.6,250,107,0.00,0.01,147,321,82,1322705,64.4,0
1790067182.289450081,8.4,250,107,0.00,0.16,147,321,82,1322705,64.4,0
1790067183.357420323,7.5,250,107,0.00,0.00,147,321,82,1322705,64.4,0
1790067184.442299900,6.5,250,107,0.00,0.19,147,321,82,1322705,64.4,0
1790067185.515931753,7.5,250,107,0.00,0.52,147,321,82,1322705,64.4,0
1790067186.587500219,8.4,250,107,0.00,0.00,147,321,82,1322705,64.4,0
1790067187.658897185,8.4,250,107,0.00,0.00,147,321,82,1322705,64.4,0
1790067188.727868761,7.5,250,107,0.00,0.18,147,321,82,1322705,64.4,0
1790067189.805314918,8.4,250,107,0.00,0.01,147,321,82,1322705,64.4,0
1790067190.882116550,7.4,250,107,0.00,0.16,147,321,82,1322705,64.4,0
1790067191.947543405,8.4,250,107,0.00,1.21,147,321,82,1322705,64.4,0
1790067193.020719314,7.5,250,107,0.00,0.28,147,321,82,1322705,64.4,0
1790067194.098907458,7.4,250,107,0.00,0.03,147,321,82,1322705,64.4,0
1790067195.172076891,7.5,250,107,0.00,0.01,147,321,82,1322705,64.4,0
1790067196.253082113,8.3,250,107,0.00,0.01,147,321,82,1322705,64.4,0
1790067197.338798428,9.2,250,107,0.00,0.65,147,321,82,1322705,64.4,0
1790067198.402620137,7.5,250,107,0.00,0.28,147,321,82,1322705,64.4,0
1790067199.480052841,8.4,250,107,0.06,0.01,147,321,82,1322705,64.4,0
1790067200.546277907,8.4,250,107,0.00,0.18,147,321,82,1322705,64.4,0
1790067201.620058256,8.4,250,107,0.00,0.21,147,321,82,1322705,64.4,0
1790067202.690754813,8.4,250,107,0.00,0.51,147,321,82,1322705,64.4,0
1790067203.758411561,8.4,250,107,0.00,1.05,147,321,82,1322705,64.4,0
1790067204.825260586,8.4,250,107,0.17,0.61,147,321,82,1322705,64.4,0
1790067205.898513713,22.4,256,107,0.00,0.33,147,321,82,1322705,64.4,0
1790067206.981489140,8.3,256,107,0.00,0.04,147,321,82,1322705,64.4,0
1790067208.052048574,8.4,256,107,0.00,0.35,147,321,82,1322705,64.4,0
1790067209.137357386,8.3,256,107,0.00,0.16,147,321,82,1322705,64.4,0
1790067210.210765455,9.3,256,107,0.00,0.66,147,321,82,1322705,64.4,0
1790067211.277434943,8.4,256,107,0.00,0.02,147,321,82,1322705,64.4,0
1790067212.345380956,8.4,256,107,0.00,0.18,147,321,82,1322705,64.4,0
1790067213.422553215,8.4,256,107,0.53,0.00,147,321,82,1322705,64.4,0
1790067214.496229419,9.3,256,107,0.00,0.16,147,321,82,1322705,64.4,0
1790067215.575039209,7.4,256,107,0.00,0.20,147,321,82,1322705,64.4,0
1790067216.655194555,7.4,256,107,0.00,0.16,147,321,82,1322705,64.4,0
1790067217.725328781,8.4,256,107,0.00,0.07,147,321,82,1322705,64.4,0
1790067218.797455396,7.5,256,107,0.00,0.14,147,321,82,1322705,64.4,0
1790067219.870333968,8.4,256,107,0.00,0.06,147,321,82,1322705,64.4,0
1790067220.935842132,7.5,256,107,0.00,0.23,147,321,82,1322705,64.4,0
1790067222.004417588,7.5,256,107,0.00,0.05,147,321,82,1322705,64.4,0
1790067223.086365310,8.3,256,107,0.00,0.43,147,321,82,1322705,64.4,0
1790067224.162274118,7.4,256,107,3.01,0.01,147,321,82,1322705,64.4,0
1790067225.242335794,7.4,256,107,0.00,0.00,147,321,82,1322705,64.4,0
1790067226.310513951,8.4,256,107,0.00,0.15,147,321,82,1322705,64.4,0
1790067227.373743500,7.5,256,107,0.00,0.08,147,321,82,1322705,64.4,0
1790067228.443863975,7.5,256,107,0.00,0.24,147,321,82,1322705,64.4,0
1790067229.516356918,8.4,256,107,0.00,0.69,147,321,82,1322705,64.4,0
1790067230.593741562,7.4,256,107,0.00,0.09,147,321,82,1322705,64.4,0
1790067231.671510089,7.4,256,107,0.00,0.04,147,321,82,1322705,64.4,0
1790067232.741836547,7.5,256,107,0.00,0.23,147,321,82,1322705,64.4,0
1790067233.816962023,6.5,256,107,0.00,0.48,147,321,82,1322705,64.4,0
1790067234.882134697,8.4,256,107,0.00,0.44,147,321,82,1322705,64.4,0
1790067235.957716928,8.4,256,107,0.00,0.17,147,321,82,1322705,64.4,0
1790067237.028607639,8.4,256,107,0.00,0.01,147,321,82,1322705,64.4,0
1790067238.110418673,7.4,256,107,0.00,0.01,147,321,82,1322705,64.4,0
1790067239.185051410,7.4,256,107,0.00,0.15,147,321,82,1322705,64.4,0
1790067240.259584813,8.4,256,107,0.00,0.16,147,321,82,1322705,64.4,0
1790067241.333018534,7.5,256,107,0.00,0.33,147,321,82,1322705,64.4,0
1790067242.417264194,6.5,256,107,0.00,0.02,147,321,82,1322705,64.4,0
1790067243.488167370,8.4,256,107,0.00,0.31,147,321,82,1322705,64.4,0
1790067244.565129075,6.5,256,107,0.00,0.22,147,321,82,1322705,64.4,0
1790067245.639616822,8.4,256,107,0.00,0.63,147,321,82,1322705,64.4,0
1790067246.711659385,6.5,256,107,0.00,0.07,147,321,82,1322705,64.4,0
1790067247.786839739,7.4,256,107,0.00,0.10,147,321,82,1322705,64.4,0
1790067248.865281484,7.4,256,107,0.00,0.35,147,321,82,1322705,64.4,0
1790067249.931392323,7.5,256,107,0.00,0.01,147,321,82,1322705,64.4,0
1790067251.003455635,6.5,256,107,0.00,0.85,147,321,82,1322705,64.4,0
1790067252.081907932,7.4,256,107,0.00,0.54,147,321,82,1322705,64.4,0
1790067253.165887506,7.4,256,107,0.00,0.30,147,321,82,1322705,64.4,0
1790067254.236339715,7.5,256,107,0.00,0.31,147,321,82,1322705,64.4,0
1790067255.314258815,7.4,256,107,0.00,0.01,147,321,82,1322705,64.4,0
1790067256.391939621,7.4,256,107,0.00,0.03,147,321,82,1322705,64.4,0
1790067257.465961777,7.4,256,107,0.00,0.53,147,321,82,1322705,64.4,0
1790067258.547739337,7.4,256,107,0.00,0.01,147,321,82,1322705,64.4,0
1790067259.621304620,7.5,256,107,0.00,0.20,147,321,82,1322705,64.4,0
1790067260.688559300,6.6,256,107,0.00,0.02,147,321,82,1322705,64.4,0
1790067261.760314756,7.5,256,107,0.00,0.01,147,321,82,1322705,64.4,0
1790067262.829778134,7.5,256,107,0.00,0.69,147,321,82,1322705,64.4,0
1790067263.905720708,7.4,256,107,0.00,1.03,147,321,82,1322705,64.4,0
1790067264.977876663,8.4,256,107,0.04,0.01,147,321,82,1322705,64.4,0
1790067266.056074278,11.1,257,107,0.00,0.24,147,321,82,1322705,64.4,0
1790067267.130382613,8.4,257,107,0.00,0.02,147,321,82,1322705,64.4,0
1790067268.208852271,7.4,257,107,0.00,0.92,147,321,82,1322705,64.4,0
1790067269.282311980,8.4,257,107,0.00,0.18,147,321,82,1322705,64.4,0
1790067270.365522989,9.2,257,107,0.00,0.27,147,321,82,1322705,64.4,0
1790067271.435340934,7.5,257,107,0.00,0.04,147,321,82,1322705,64.4,0
1790067272.511368530,7.4,257,107,0.00,0.01,147,321,82,1322705,64.4,0
1790067273.582291821,7.5,257,107,0.00,0.62,147,321,82,1322705,64.4,0
1790067274.659442749,7.4,257,107,0.00,0.17,147,321,82,1322705,64.4,0
1790067275.736099926,7.4,257,107,0.00,0.27,147,321,82,1322705,64.4,0
1790067276.808245390,7.5,257,107,0.00,0.17,147,321,82,1322705,64.4,0
1790067277.881104555,7.5,257,107,0.00,0.00,147,321,82,1322705,64.4,0
1790067278.944312272,7.5,257,107,0.00,0.50,147,321,82,1322705,64.4,0
1790067280.012472488,7.5,257,107,0.00,0.27,147,321,82,1322705,64.4,0
1790067281.085551622,6.5,257,107,0.00,0.70,147,321,82,1322705,64.4,0
1790067282.154398976,7.5,257,107,0.00,0.05,147,321,82,1322705,64.4,0
1790067283.227535403,6.5,257,107,0.02,0.27,147,321,82,1322705,64.4,0
1790067284.314415210,8.3,257,107,0.00,0.23,147,321,82,1322705,64.4,0
1790067285.389289183,7.4,257,107,0.00,0.05,147,321,82,1322705,64.4,0
1790067286.470905634,7.4,257,107,0.00,0.23,147,321,82,1322705,64.4,0
1790067287.554597390,7.4,257,107,0.00,0.03,147,321,82,1322705,64.4,0
1790067288.618650608,6.6,257,107,0.00,0.20,147,321,82,1322705,64.4,0
1790067289.693401052,6.5,257,107,0.00,0.29,147,321,82,1322705,64.4,0
1790067290.775404138,7.4,257,107,0.00,0.01,147,321,82,1322705,64.4,0
1790067291.843272676,7.5,257,107,0.00,0.01,147,321,82,1322705,64.4,0
1790067292.920860312,7.4,257,107,0.00,0.07,147,321,82,1322705,64.4,0
1790067293.995259509,6.5,257,107,0.00,0.45,147,321,82,1322705,64.4,0
1790067295.066218247,8.4,257,107,0.00,0.35,147,321,82,1322705,64.4,0
1790067296.128867584,7.5,257,110,0.00,0.18,147,321,82,1322705,64.4,0
1790067297.203398386,6.5,257,110,0.00,0.27,147,321,82,1322705,64.4,0
1790067298.280970797,7.4,257,110,0.00,0.03,147,321,82,1322705,64.4,0
1790067299.361365802,6.5,257,110,0.00,0.16,147,321,82,1322705,64.4,0
1790067300.438066081,7.4,257,112,0.00,0.17,147,321,82,1322705,64.4,0
1790067301.506237466,6.6,257,113,0.00,0.29,147,321,82,1322705,64.4,0
1790067302.580791057,6.5,257,113,0.00,0.01,147,321,82,1322705,64.4,0
1790067303.659326583,7.4,257,113,0.00,0.17,147,321,82,1322705,64.4,0
1790067304.737738874,6.5,257,113,0.00,0.02,147,321,82,1322705,64.4,0
1790067305.811331913,6.5,257,113,0.00,0.58,147,321,82,1322705,64.4,0
1790067306.889987451,7.4,257,113,0.00,0.00,147,321,82,1322705,64.4,0
1790067307.971111442,6.5,257,113,0.00,0.00,147,321,82,1322705,64.4,0
1790067309.050113512,7.4,257,113,0.00,0.14,147,321,82,1322705,64.4,0
1790067310.121423550,6.5,257,113,0.00,0.16,147,321,82,1322705,64.4,0
1790067311.190693557,7.5,257,113,0.24,0.84,147,321,82,1322705,64.4,0
1790067312.266590581,6.5,257,113,0.00,0.15,147,321,82,1322705,64.4,0
1790067313.344911358,6.5,257,113,0.00,0.70,147,321,82,1322705,64.4,0
1790067314.427522214,7.4,257,113,0.00,0.24,147,321,82,1322705,64.4,0
1790067315.509467563,6.5,257,113,0.00,0.61,147,321,82,1322705,64.4,0
1790067316.574360226,7.5,257,113,0.00,0.02,147,321,82,1322705,64.4,0
1790067317.650435362,6.5,257,113,0.00,0.16,147,321,82,1322705,64.4,0
1790067318.724668216,7.4,257,113,0.12,0.00,147,321,82,1322705,64.4,0
1790067319.797326212,6.5,257,113,0.00,0.86,147,321,82,1322705,64.4,0
1790067320.868905291,8.4,257,113,0.00,0.02,147,321,82,1322705,64.4,0
1790067321.943765919,7.4,257,113,0.00,0.02,147,321,82,1322705,64.4,0
1790067323.012122800,7.5,257,113,0.00,0.35,147,321,82,1322705,64.4,0
1790067324.077478721,6.6,257,113,0.00,1.35,147,321,82,1322705,64.4,0
1790067325.155985366,7.4,257,113,0.00,0.01,147,321,82,1322705,64.4,0
1790067326.216946982,9.4,257,113,0.00,0.30,147,321,82,1322705,64.4,0
1790067327.290273441,8.4,257,113,0.00,0.27,147,321,82,1322705,64.4,0
1790067328.364420438,7.4,257,113,0.00,0.41,147,321,82,1322705,64.4,0
1790067329.442235064,7.4,257,113,0.00,0.19,147,321,82,1322705,64.4,0
1790067330.515012224,7.5,257,113,0.00,0.20,147,321,82,1322705,64.4,0
1790067331.592330925,7.4,257,113,0.00,0.01,147,321,82,1322705,64.4,0
1790067332.658475189,6.6,257,113,0.00,0.00,147,321,82,1322705,64.4,0
1790067333.732353463,8.4,257,113,0.00,0.44,147,321,82,1322705,64.4,0
1790067334.802960463,7.5,257,113,0.00,0.14,147,321,82,1322705,64.4,0
1790067335.880186520,7.4,257,113,0.00,0.21,147,321,82,1322705,64.4,0
1790067336.947251772,7.5,257,113,0.00,0.01,147,321,82,1322705,64.4,0
1790067338.014572133,6.6,257,113,0.00,0.07,147,321,82,1322705,64.4,0
1790067339.082266843,7.5,257,113,0.00,0.00,147,321,82,1322705,64.4,0
1790067340.165106680,6.5,257,113,0.00,0.23,147,321,82,1322705,64.4,0
1790067341.239412730,7.4,257,113,0.00,0.57,147,321,82,1322705,64.4,0
1790067342.322145960,7.4,257,113,0.00,0.06,147,321,82,1322705,64.4,0
1790067343.403034391,6.5,257,113,0.00,0.10,147,321,82,1322705,64.4,0
1790067344.482548533,7.4,257,113,0.00,0.18,147,321,82,1322705,64.4,0
1790067345.563816078,7.4,257,113,0.00,0.01,147,321,82,1322705,64.4,0
1790067346.638594816,6.5,257,113,0.00,0.13,147,321,82,1322705,64.4,0
1790067347.708589179,6.5,257,113,0.00,0.00,147,321,82,1322705,64.4,0
1790067348.792281777,7.4,257,113,0.00,0.12,147,321,82,1322705,64.4,0
1790067349.857681959,6.6,257,113,0.00,0.25,147,321,82,1322705,64.4,0
1790067350.938026934,7.4,257,113,0.00,0.02,147,321,82,1322705,64.4,0
1790067352.014405955,7.4,257,113,0.00,0.02,147,321,82,1322705,64.4,0
1790067353.082917930,7.5,257,113,0.00,0.08,147,321,82,1322705,64.4,0
1790067354.159479498,7.4,257,113,0.12,0.78,147,321,82,1322705,64.4,0
1790067355.243445415,7.4,257,113,0.00,0.00,147,321,82,1322705,64.4,0
1790067356.312401092,8.4,257,113,0.00,0.16,147,321,82,1322705,64.4,0
1790067357.387094323,6.5,257,113,0.00,0.03,147,321,82,1322705,64.4,0
1790067358.470950941,7.4,257,113,0.00,0.02,147,321,82,1322705,64.4,0
1790067359.546027930,7.4,257,113,0.00,0.01,147,321,82,1322705,64.4,0
1790067360.611102093,7.5,257,113,0.00,0.44,147,321,82,1322705,64.4,0
1790067361.693137887,7.4,257,113,0.00,0.20,147,321,82,1322705,64.4,0
1790067362.767510035,7.4,257,113,0.00,0.00,147,321,82,1322705,64.4,0
1790067363.839544373,7.5,257,113,0.00,0.19,147,321,82,1322705,64.4,0
1790067364.900593563,8.5,257,113,0.00,0.01,147,321,82,1322705,64.4,0
1790067365.975999552,6.5,258,113,0.00,0.41,147,321,82,1322705,64.4,0
1790067367.043901076,8.4,258,113,0.00,0.01,147,321,82,1322705,64.4,0
1790067368.125283085,7.4,258,113,0.00,0.00,147,321,82,1322705,64.4,0
1790067369.202154376,7.4,258,113,0.00,0.15,147,321,82,1322705,64.4,0
1790067370.278308201,7.4,258,113,0.00,0.17,147,321,82,1322705,64.4,0
1790067371.354083570,6.5,258,113,0.00,0.81,147,321,82,1322705,64.4,0
1790067372.433959105,8.3,258,113,0.00,0.12,147,321,82,1322705,64.4,0
1790067373.507362074,5.6,258,113,0.00,0.69,147,321,82,1322705,64.4,0
1790067374.588789527,7.4,258,113,0.00,0.22,147,321,82,1322705,64.4,0
1790067375.666059860,7.4,258,113,0.00,0.48,147,321,82,1322705,64.4,0
1790067376.743334907,7.4,258,113,0.08,0.01,147,321,82,1322705,64.4,0
1790067377.818450200,7.4,258,113,3.60,0.20,147,321,82,1322705,64.4,0
1790067378.891736548,7.5,258,113,0.00,0.00,147,321,82,1322705,64.4,0
1790067379.957321395,7.5,258,113,0.00,0.83,147,321,82,1322705,64.4,0
1790067381.031480094,7.4,258,113,0.00,0.18,147,321,82,1322705,64.4,0
1790067382.112030120,8.3,258,113,0.00,3.27,147,321,82,1322705,64.4,0
1790067383.187300119,7.4,258,113,0.00,0.85,147,321,82,1322705,64.4,0
1790067384.259942782,8.4,258,113,0.00,1.53,147,321,82,1322705,64.4,0
1790067385.341698699,8.3,258,113,0.00,0.07,147,321,82,1322705,64.4,0
1790067386.411913051,8.4,258,113,0.00,0.48,147,321,82,1322705,64.4,0
1790067387.486312318,9.3,258,113,0.00,0.25,147,321,82,1322705,64.4,0
1790067388.555191784,7.5,258,113,0.00,0.65,147,321,82,1322705,64.4,0
1790067389.638365120,8.3,258,113,0.00,0.11,147,321,82,1322705,64.4,0
1790067390.711809093,7.5,258,113,0.00,0.35,147,321,82,1322705,64.4,0
1790067391.777537590,8.4,258,113,0.00,0.01,147,321,82,1322705,64.4,0
1790067392.855386857,8.3,258,113,0.00,0.00,147,321,82,1322705,64.4,0
1790067393.934639725,8.3,258,113,0.00,0.46,147,321,82,1322705,64.4,0
1790067395.006527623,8.4,258,113,0.00,0.22,147,321,82,1322705,64.4,0
1790067396.079049936,7.5,258,113,0.00,0.16,147,321,82,1322705,64.4,0
1790067397.153196223,8.4,258,113,0.00,0.01,147,321,82,1322705,64.4,0
1790067398.232194776,7.4,258,113,0.00,0.08,147,321,82,1322705,64.4,0
1790067399.309494978,8.4,258,113,0.00,0.15,147,321,82,1322705,64.4,0
1790067400.377448355,7.5,258,113,0.00,0.33,147,321,82,1322705,64.4,0
1790067401.451529202,8.4,258,113,0.00,0.13,147,321,82,1322705,64.4,0
1790067402.524806534,7.5,258,113,0.00,0.01,147,321,82,1322705,64.4,0
1790067403.596234930,7.5,258,113,0.00,0.09,147,321,82,1322705,64.4,0
1790067404.674789284,7.4,258,113,0.00,0.24,147,321,82,1322705,64.4,0
1790067405.760165766,7.4,258,113,0.00,0.21,147,321,82,1322705,64.4,0
1790067406.837020599,7.4,258,113,0.00,0.02,147,321,82,1322705,64.4,0
1790067407.907677062,7.5,258,113,0.00,0.30,147,321,82,1322705,64.4,0
1790067408.981461953,7.5,258,113,0.00,0.00,147,321,82,1322705,64.4,0
1790067410.058179088,8.4,258,113,0.00,0.24,147,321,82,1322705,64.4,0
1790067411.130263530,6.5,258,113,0.00,0.02,147,321,82,1322705,64.4,0
1790067412.203677045,7.5,258,113,0.00,0.03,147,321,82,1322705,64.4,0
1790067413.286309782,7.4,258,113,0.00,0.24,147,321,82,1322705,64.4,0
1790067414.365091772,7.4,258,113,0.00,0.47,147,321,82,1322705,64.4,0
1790067415.444054909,8.3,258,113,0.00,0.22,147,321,82,1322705,64.4,0
1790067416.524913483,7.4,258,113,0.00,0.11,147,321,82,1322705,64.4,0
1790067417.603407344,8.3,258,113,0.00,0.01,147,321,82,1322705,64.4,0
1790067418.684109114,7.4,258,113,0.00,0.02,147,321,82,1322705,64.4,0
1790067419.764334309,7.4,258,113,0.00,0.20,147,321,82,1322705,64.4,0
1790067420.845429327,7.4,258,113,0.00,0.32,147,321,82,1322705,64.4,0
1790067421.917004176,8.4,258,113,0.00,0.15,147,321,82,1322705,64.4,0
1790067422.995147009,6.5,258,113,0.00,0.00,147,321,82,1322705,64.4,0
1790067424.074940404,7.4,258,113,0.00,0.02,147,321,82,1322705,64.4,0
1790067425.150507431,5.6,258,113,0.00,0.31,147,321,82,1322705,64.4,0
1790067426.227017354,8.4,258,113,0.00,0.17,147,321,82,1322705,64.4,0
1790067427.303389275,7.4,258,113,0.00,0.01,147,321,82,1322705,64.4,0
1790067428.371263412,7.5,258,113,0.00,0.07,147,321,82,1322705,64.4,0
1790067429.456050491,6.5,258,113,0.00,0.05,147,321,82,1322705,64.4,0
1790067430.529911234,8.4,258,113,0.00,0.33,147,321,82,1322705,64.4,0
1790067431.608224504,8.3,258,113,0.00,0.94,147,321,82,1322705,64.4,0
1790067432.690570021,7.4,258,113,0.00,0.03,147,321,82,1322705,64.4,0
1790067433.768259544,7.4,258,113,0.00,0.20,147,321,82,1322705,64.4,0
1790067434.847481135,8.3,258,113,0.00,0.22,147,321,82,1322705,64.4,0
1790067435.921729698,7.4,258,113,0.00,0.36,147,321,82,1322705,64.4,0
1790067437.003359350,8.3,258,113,0.00,0.15,147,321,82,1322705,64.4,0
1790067438.071053699,7.5,258,113,0.00,0.00,147,321,82,1322705,64.4,0
1790067439.151897626,8.3,258,113,0.00,0.12,147,321,82,1322705,64.4,0
1790067440.230491840,8.3,258,113,0.00,0.00,147,321,82,1322705,64.4,0
1790067441.291261138,7.5,258,113,0.00,0.18,147,321,82,1322705,64.4,0
1790067442.372410109,8.3,258,113,0.00,0.14,147,321,82,1322705,64.4,0
1790067443.453163244,7.4,258,113,0.00,0.93,147,321,82,1322705,64.4,0
1790067444.529122194,6.5,258,113,0.00,0.26,147,321,82,1322705,64.4,0
1790067445.589063062,8.5,259,113,0.00,0.17,147,321,82,1322705,64.4,0
1790067446.647387936,8.5,259,113,0.00,0.69,147,321,82,1322705,64.4,0
1790067447.734484504,8.3,259,113,0.00,0.32,147,321,82,1322705,64.4,0
1790067448.810148738,9.3,259,113,0.00,0.01,147,321,82,1322705,64.4,0
1790067449.877399088,6.6,259,113,0.00,0.03,147,321,82,1322705,64.4,0
1790067450.963210913,8.3,259,113,0.00,0.37,147,321,82,1322705,64.4,0
1790067452.042026367,7.4,259,113,0.00,0.01,147,321,82,1322705,64.4,0
1790067453.117990181,8.4,259,113,0.00,0.29,147,321,82,1322705,64.4,0
1790067454.203259609,8.3,259,113,0.00,0.01,147,321,82,1322705,64.4,0
1790067455.274112504,6.5,259,113,0.00,0.26,147,321,82,1322705,64.4,0
1790067456.342067681,8.4,259,113,0.00,0.49,147,321,82,1322705,64.4,0
1790067457.420867645,7.4,259,113,0.00,0.01,147,321,82,1322705,64.4,0
1790067458.495662231,7.4,259,113,0.00,0.00,147,321,82,1322705,64.4,0
1790067459.572056238,7.4,259,113,0.00,0.01,147,321,82,1322705,64.4,0
1790067460.649455137,8.4,259,113,0.00,0.32,147,321,82,1322705,64.4,0
1790067461.721072698,6.5,259,113,0.00,0.34,147,321,82,1322705,64.4,0
1790067462.801055913,8.3,259,113,0.00,0.13,147,321,82,1322705,64.4,0
1790067463.875755770,7.4,259,113,0.00,0.42,147,321,82,1322705,64.4,0
1790067464.940731858,140.8,319,113,0.00,17.64,147,331,82,1363955,74.4,0
1790067466.004076647,184.3,351,113,0.00,14.10,147,341,82,1405205,84.3,0
1790067467.082977116,152.9,370,113,0.00,9.59,147,345,82,1422705,88.6,0
1790067468.154132391,129.8,380,113,0.00,3.26,147,345,82,1422705,88.6,0
1790067469.226607116,134.3,442,113,0.00,3.31,147,345,82,1422705,88.6,0
1790067470.298079929,126.0,396,113,0.00,23.76,147,345,96,1422705,88.6,0
1790067471.371391900,89.4,404,113,0.00,2.37,147,345,96,1422705,88.6,0
1790067472.449751408,11.1,264,113,0.00,0.17,147,345,96,1422705,88.6,0
1790067473.519660332,8.4,264,113,0.00,0.01,147,345,96,1422705,88.6,0
1790067474.595639029,6.5,264,113,0.00,0.21,147,345,96,1422705,88.6,0
1790067475.662070060,8.4,264,113,0.00,0.62,147,345,96,1422705,88.6,0
1790067476.740115072,8.3,264,113,0.00,0.13,147,345,96,1422705,88.6,0
1790067477.819509456,8.3,264,113,0.00,0.01,147,345,96,1422705,88.6,0
1790067478.892607640,7.5,264,113,0.00,0.02,147,345,96,1422705,88.6,0
1790067479.954096241,8.5,265,113,0.00,0.35,147,345,96,1422705,88.6,0
1790067481.033566506,7.4,265,113,0.00,0.68,147,345,96,1422705,88.6,0
1790067482.113802713,7.4,265,113,0.00,0.04,147,345,96,1422705,88.6,0
1790067483.189448586,6.5,265,113,0.00,0.01,147,345,96,1422705,88.6,0
1790067484.269408552,6.5,265,113,0.00,0.03,147,345,96,1422705,88.6,0
1790067485.351046997,7.4,265,113,0.00,0.23,147,345,96,1422705,88.6,0
1790067486.427799629,7.4,265,113,0.00,0.39,147,345,96,1422705,88.6,0
1790067487.515634069,7.4,265,113,0.00,0.08,147,345,96,1422705,88.6,0
1790067488.595078482,6.5,265,113,0.00,0.01,147,345,96,1422705,88.6,0
1790067489.672079410,8.4,265,113,0.00,0.09,147,345,96,1422705,88.6,0
1790067490.751375337,6.5,265,113,0.00,0.14,147,345,96,1422705,88.6,0
1790067491.824727545,7.5,265,113,0.00,1.00,147,345,96,1422705,88.6,0
1790067492.899428251,7.4,265,113,0.00,0.41,147,345,96,1422705,88.6,0
1790067493.976874584,7.4,265,113,0.00,0.13,147,345,96,1422705,88.6,0
1790067495.048058327,7.5,265,113,0.00,0.01,147,345,96,1422705,88.6,0
1790067496.115620472,7.5,265,113,0.00,0.29,147,345,96,1422705,88.6,0
1790067497.198534669,8.3,265,113,0.00,0.16,147,345,96,1422705,88.6,0
1790067498.263153886,7.5,265,113,0.00,0.22,147,345,96,1422705,88.6,0
1790067499.338070767,7.4,265,113,0.00,4.59,147,345,96,1422705,88.6,0
1790067500.405620135,6.6,265,113,0.00,0.00,147,345,96,1422705,88.6,0
1790067501.476945998,7.5,265,113,0.00,0.20,147,345,96,1422705,88.6,0
1790067502.551226449,8.4,265,113,0.00,0.09,147,345,96,1422705,88.6,0
1790067503.619779272,7.5,265,113,0.00,0.99,147,345,96,1422705,88.6,0
1790067504.702713437,7.4,265,113,0.00,0.29,147,345,96,1422705,88.6,0
1790067505.779347553,20.4,280,113,0.00,0.36,147,345,96,1422705,88.6,0
1790067506.856646008,7.4,267,114,0.00,0.73,147,345,96,1422705,88.6,0
1790067507.930803978,6.5,267,114,0.00,0.02,147,345,96,1422705,88.6,0
1790067509.011903846,7.4,267,116,0.00,0.01,147,345,96,1422705,88.6,0
1790067510.080534661,7.5,267,116,0.00,0.02,147,345,96,1422705,88.6,0
1790067511.161023040,6.5,267,116,0.00,0.34,147,345,96,1422705,88.6,0
1790067512.240294622,6.5,267,116,0.00,0.16,147,345,96,1422705,88.6,0
1790067513.321910648,7.4,267,116,0.00,0.35,147,345,96,1422705,88.6,0
1790067514.397726837,7.4,267,117,0.00,0.02,147,345,96,1422705,88.6,0
1790067515.476406776,6.5,267,117,0.00,0.20,147,345,96,1422705,88.6,0
1790067516.551257411,6.5,267,117,0.00,0.18,147,345,96,1422705,88.6,0
1790067517.626547738,7.4,267,117,0.00,0.00,147,345,96,1422705,88.6,0
1790067518.706480407,6.5,267,117,0.00,0.00,147,345,96,1422705,88.6,0
1790067519.783238834,6.5,267,117,0.00,0.26,147,345,96,1422705,88.6,0
1790067520.853322100,7.5,267,117,0.00,0.01,147,345,96,1422705,88.6,0
1790067521.933867766,6.5,267,117,0.00,0.38,147,345,96,1422705,88.6,0
1790067523.016232618,7.4,267,117,0.00,0.13,147,345,96,1422705,88.6,0
1790067524.087100932,6.5,267,117,0.00,0.02,147,345,96,1422705,88.6,0
1790067525.162201355,6.5,267,117,0.00,0.00,147,345,96,1422705,88.6,0
